dataset	mode	parameter	examples	classes	mean_F1	std_F1	mean_trigger_rate	std_trigger_rate	mean_threshold	std_threshold
ecoli-0_vs_1	MV	0.0000	220	2	66.5523	6.1467				
ecoli-0_vs_1	LAWMV	0.0000	220	2	94.7888	2.5387				
ecoli-0_vs_1	original	0.1000	220	2	94.8874	1.7274				
ecoli-0_vs_1	fixed_alpha	0.0100	220	2	94.9330	1.7643	0.0091	0.0080	0.0100	0.0000
ecoli-0_vs_1	fixed_alpha	0.0300	220	2	95.0014	1.5525	0.0200	0.0150	0.0300	0.0000
ecoli-0_vs_1	fixed_alpha	0.0500	220	2	94.8762	1.9658	0.0327	0.0294	0.0500	0.0000
ecoli-0_vs_1	fixed_alpha	0.1000	220	2	94.8874	1.7274	0.0645	0.0574	0.1000	0.0000
ecoli-0_vs_1	fixed_alpha	0.1500	220	2	94.8166	1.6934	0.1250	0.1059	0.1500	0.0000
ecoli-0_vs_1	fixed_alpha	0.2000	220	2	94.8166	1.6934	0.2259	0.1701	0.2000	0.0000
ecoli-0_vs_1	fixed_alpha	0.3000	220	2	94.8166	1.6934	0.5914	0.2026	0.3000	0.0000
ecoli-0_vs_1	adaptive_quantile	0.1000	220	2	94.7484	1.9042	0.0955	0.0000	0.1525	0.0509
ecoli-0_vs_1	adaptive_quantile	0.2000	220	2	94.8166	1.6934	0.1955	0.0000	0.2026	0.0544
ecoli-0_vs_1	adaptive_quantile	0.3000	220	2	94.8166	1.6934	0.2955	0.0000	0.2310	0.0530
ecoli1	MV	0.0000	336	2	59.5821	5.3160				
ecoli1	LAWMV	0.0000	336	2	81.4737	3.1755				
ecoli1	original	0.1000	336	2	79.8094	2.0708				
ecoli1	fixed_alpha	0.0100	336	2	81.0392	2.9022	0.0140	0.0054	0.0100	0.0000
ecoli1	fixed_alpha	0.0300	336	2	80.9424	2.6708	0.0503	0.0111	0.0300	0.0000
ecoli1	fixed_alpha	0.0500	336	2	81.2541	2.7891	0.0792	0.0120	0.0500	0.0000
ecoli1	fixed_alpha	0.1000	336	2	79.8094	2.0708	0.1664	0.0266	0.1000	0.0000
ecoli1	fixed_alpha	0.1500	336	2	75.9192	2.2187	0.2560	0.0539	0.1500	0.0000
ecoli1	fixed_alpha	0.2000	336	2	73.9399	3.2993	0.3592	0.0992	0.2000	0.0000
ecoli1	fixed_alpha	0.3000	336	2	72.4846	4.8204	0.6390	0.2009	0.3000	0.0000
ecoli1	adaptive_quantile	0.1000	336	2	81.2305	2.8277	0.0982	0.0000	0.0617	0.0066
ecoli1	adaptive_quantile	0.2000	336	2	78.9014	1.5719	0.1994	0.0000	0.1305	0.0400
ecoli1	adaptive_quantile	0.3000	336	2	75.2232	2.1579	0.2976	0.0000	0.1852	0.0500
ecoli2	MV	0.0000	336	2	50.6857	11.3852				
ecoli2	LAWMV	0.0000	336	2	80.8071	6.2407				
ecoli2	original	0.1000	336	2	75.8526	7.9103				
ecoli2	fixed_alpha	0.0100	336	2	80.8719	6.3119	0.0110	0.0095	0.0100	0.0000
ecoli2	fixed_alpha	0.0300	336	2	80.9444	4.9210	0.0420	0.0278	0.0300	0.0000
ecoli2	fixed_alpha	0.0500	336	2	79.2163	6.0598	0.0652	0.0341	0.0500	0.0000
ecoli2	fixed_alpha	0.1000	336	2	75.8526	7.9103	0.1393	0.0694	0.1000	0.0000
ecoli2	fixed_alpha	0.1500	336	2	69.9327	12.4075	0.2289	0.1271	0.1500	0.0000
ecoli2	fixed_alpha	0.2000	336	2	62.0612	14.4861	0.3598	0.1941	0.2000	0.0000
ecoli2	fixed_alpha	0.3000	336	2	52.2032	13.3733	0.6315	0.3108	0.3000	0.0000
ecoli2	adaptive_quantile	0.1000	336	2	78.0043	4.0312	0.0982	0.0000	0.0902	0.0452
ecoli2	adaptive_quantile	0.2000	336	2	72.2675	4.9146	0.1994	0.0000	0.1654	0.0653
ecoli2	adaptive_quantile	0.3000	336	2	63.4544	3.2006	0.2976	0.0000	0.2134	0.0888
ecoli3	MV	0.0000	336	2	43.4579	7.6071				
ecoli3	LAWMV	0.0000	336	2	54.1853	10.3115				
ecoli3	original	0.1000	336	2	73.5008	11.5212				
ecoli3	fixed_alpha	0.0100	336	2	57.9691	10.3820	0.0155	0.0116	0.0100	0.0000
ecoli3	fixed_alpha	0.0300	336	2	65.2264	6.4150	0.0423	0.0215	0.0300	0.0000
ecoli3	fixed_alpha	0.0500	336	2	69.1897	6.2043	0.0688	0.0278	0.0500	0.0000
ecoli3	fixed_alpha	0.1000	336	2	73.5008	11.5212	0.1295	0.0573	0.1000	0.0000
ecoli3	fixed_alpha	0.1500	336	2	69.9298	14.9393	0.1911	0.1131	0.1500	0.0000
ecoli3	fixed_alpha	0.2000	336	2	62.8061	14.1876	0.2515	0.1506	0.2000	0.0000
ecoli3	fixed_alpha	0.3000	336	2	45.5723	9.5179	0.4560	0.1962	0.3000	0.0000
ecoli3	adaptive_quantile	0.1000	336	2	74.7243	8.7967	0.0982	0.0000	0.0849	0.0294
ecoli3	adaptive_quantile	0.2000	336	2	64.7185	3.9601	0.1994	0.0000	0.1872	0.0647
ecoli3	adaptive_quantile	0.3000	336	2	51.0466	2.1952	0.2976	0.0000	0.2500	0.0687
glass-0-1-2-3_vs_4-5-6	MV	0.0000	214	2	59.2888	8.3527				
glass-0-1-2-3_vs_4-5-6	LAWMV	0.0000	214	2	81.4942	3.6865				
glass-0-1-2-3_vs_4-5-6	original	0.1000	214	2	81.8599	2.2955				
glass-0-1-2-3_vs_4-5-6	fixed_alpha	0.0100	214	2	81.7370	3.7439	0.0075	0.0067	0.0100	0.0000
glass-0-1-2-3_vs_4-5-6	fixed_alpha	0.0300	214	2	82.2580	3.2730	0.0271	0.0179	0.0300	0.0000
glass-0-1-2-3_vs_4-5-6	fixed_alpha	0.0500	214	2	82.2326	3.1870	0.0458	0.0293	0.0500	0.0000
glass-0-1-2-3_vs_4-5-6	fixed_alpha	0.1000	214	2	81.8599	2.2955	0.1056	0.0494	0.1000	0.0000
glass-0-1-2-3_vs_4-5-6	fixed_alpha	0.1500	214	2	81.5440	2.0746	0.1836	0.0946	0.1500	0.0000
glass-0-1-2-3_vs_4-5-6	fixed_alpha	0.2000	214	2	81.4232	1.8903	0.2846	0.1576	0.2000	0.0000
glass-0-1-2-3_vs_4-5-6	fixed_alpha	0.3000	214	2	81.5440	1.6734	0.5720	0.2702	0.3000	0.0000
glass-0-1-2-3_vs_4-5-6	adaptive_quantile	0.1000	214	2	81.6988	2.7434	0.0981	0.0000	0.1107	0.0393
glass-0-1-2-3_vs_4-5-6	adaptive_quantile	0.2000	214	2	81.4232	1.8903	0.1963	0.0000	0.1861	0.0660
glass-0-1-2-3_vs_4-5-6	adaptive_quantile	0.3000	214	2	81.5440	1.6734	0.2944	0.0000	0.2279	0.0680
glass0	MV	0.0000	214	2	69.7642	5.5916				
glass0	LAWMV	0.0000	214	2	78.4496	4.3806				
glass0	original	0.1000	214	2	75.0871	5.5491				
glass0	fixed_alpha	0.0100	214	2	78.8701	4.8747	0.0262	0.0123	0.0100	0.0000
glass0	fixed_alpha	0.0300	214	2	77.7229	5.0409	0.0785	0.0267	0.0300	0.0000
glass0	fixed_alpha	0.0500	214	2	77.9349	5.4710	0.1463	0.0320	0.0500	0.0000
glass0	fixed_alpha	0.1000	214	2	75.0871	5.5491	0.2967	0.0602	0.1000	0.0000
glass0	fixed_alpha	0.1500	214	2	70.7387	4.9198	0.4444	0.0783	0.1500	0.0000
glass0	fixed_alpha	0.2000	214	2	66.5513	4.5564	0.5766	0.0846	0.2000	0.0000
glass0	fixed_alpha	0.3000	214	2	61.0491	2.3317	0.8061	0.0884	0.3000	0.0000
glass0	adaptive_quantile	0.1000	214	2	77.6909	5.0796	0.0981	0.0000	0.0377	0.0102
glass0	adaptive_quantile	0.2000	214	2	77.2081	4.7137	0.1963	0.0000	0.0708	0.0144
glass0	adaptive_quantile	0.3000	214	2	75.1971	4.4770	0.2944	0.0000	0.1039	0.0187
glass1	MV	0.0000	214	2	72.1297	8.4966				
glass1	LAWMV	0.0000	214	2	70.2961	6.5121				
glass1	original	0.1000	214	2	75.3169	7.1821				
glass1	fixed_alpha	0.0100	214	2	72.1483	6.8390	0.0346	0.0123	0.0100	0.0000
glass1	fixed_alpha	0.0300	214	2	74.0052	6.0360	0.0925	0.0369	0.0300	0.0000
glass1	fixed_alpha	0.0500	214	2	75.1987	6.5288	0.1523	0.0511	0.0500	0.0000
glass1	fixed_alpha	0.1000	214	2	75.3169	7.1821	0.3121	0.0814	0.1000	0.0000
glass1	fixed_alpha	0.1500	214	2	72.8521	7.2329	0.4542	0.1205	0.1500	0.0000
glass1	fixed_alpha	0.2000	214	2	70.9146	6.6101	0.6056	0.1322	0.2000	0.0000
glass1	fixed_alpha	0.3000	214	2	69.7090	5.8259	0.8350	0.0939	0.3000	0.0000
glass1	adaptive_quantile	0.1000	214	2	74.2418	7.4858	0.0981	0.0000	0.0351	0.0156
glass1	adaptive_quantile	0.2000	214	2	75.8900	7.4474	0.1963	0.0000	0.0691	0.0195
glass1	adaptive_quantile	0.3000	214	2	74.1759	6.7934	0.2944	0.0000	0.1027	0.0310
glass6	MV	0.0000	214	2	49.4234	9.9279				
glass6	LAWMV	0.0000	214	2	69.6365	16.3165				
glass6	original	0.1000	214	2	78.9515	7.6074				
glass6	fixed_alpha	0.0100	214	2	72.5003	11.7878	0.0117	0.0086	0.0100	0.0000
glass6	fixed_alpha	0.0300	214	2	75.0227	10.4879	0.0374	0.0201	0.0300	0.0000
glass6	fixed_alpha	0.0500	214	2	78.2049	8.7667	0.0603	0.0316	0.0500	0.0000
glass6	fixed_alpha	0.1000	214	2	78.9515	7.6074	0.1145	0.0513	0.1000	0.0000
glass6	fixed_alpha	0.1500	214	2	76.1382	7.6505	0.1822	0.0604	0.1500	0.0000
glass6	fixed_alpha	0.2000	214	2	72.6423	6.3652	0.2776	0.1148	0.2000	0.0000
glass6	fixed_alpha	0.3000	214	2	68.5416	5.5056	0.5528	0.2252	0.3000	0.0000
glass6	adaptive_quantile	0.1000	214	2	78.2728	7.2105	0.0981	0.0000	0.0945	0.0370
glass6	adaptive_quantile	0.2000	214	2	74.1827	4.1749	0.1963	0.0000	0.1802	0.0653
glass6	adaptive_quantile	0.3000	214	2	70.6797	3.7435	0.2944	0.0000	0.2339	0.0754
haberman	MV	0.0000	306	2	66.5339	5.8415				
haberman	LAWMV	0.0000	306	2	35.8736	5.4490				
haberman	original	0.1000	306	2	61.0933	5.5883				
haberman	fixed_alpha	0.0100	306	2	39.7966	4.0527	0.0206	0.0083	0.0100	0.0000
haberman	fixed_alpha	0.0300	306	2	45.8621	4.5964	0.0569	0.0183	0.0300	0.0000
haberman	fixed_alpha	0.0500	306	2	50.4558	4.2378	0.0889	0.0304	0.0500	0.0000
haberman	fixed_alpha	0.1000	306	2	61.0933	5.5883	0.2062	0.0695	0.1000	0.0000
haberman	fixed_alpha	0.1500	306	2	65.8984	6.0202	0.3467	0.1306	0.1500	0.0000
haberman	fixed_alpha	0.2000	306	2	64.6791	5.7306	0.5029	0.1387	0.2000	0.0000
haberman	fixed_alpha	0.3000	306	2	63.7036	5.0967	0.8562	0.0973	0.3000	0.0000
haberman	adaptive_quantile	0.1000	306	2	52.0132	6.0259	0.0980	0.0000	0.0577	0.0158
haberman	adaptive_quantile	0.2000	306	2	62.9013	6.9509	0.1993	0.0000	0.1033	0.0214
haberman	adaptive_quantile	0.3000	306	2	65.1003	6.7800	0.2974	0.0000	0.1432	0.0300
iris0	MV	0.0000	150	2	68.5480	4.1964				
iris0	LAWMV	0.0000	150	2	99.8990	0.3194				
iris0	original	0.1000	150	2	100.0000	0.0000				
iris0	fixed_alpha	0.0100	150	2	99.8990	0.3194	0.0000	0.0000	0.0100	0.0000
iris0	fixed_alpha	0.0300	150	2	99.8990	0.3194	0.0000	0.0000	0.0300	0.0000
iris0	fixed_alpha	0.0500	150	2	100.0000	0.0000	0.0027	0.0034	0.0500	0.0000
iris0	fixed_alpha	0.1000	150	2	100.0000	0.0000	0.0060	0.0080	0.1000	0.0000
iris0	fixed_alpha	0.1500	150	2	99.8020	0.4175	0.0287	0.0316	0.1500	0.0000
iris0	fixed_alpha	0.2000	150	2	99.7030	0.4783	0.0813	0.0665	0.2000	0.0000
iris0	fixed_alpha	0.3000	150	2	99.5050	0.5218	0.3400	0.1929	0.3000	0.0000
iris0	adaptive_quantile	0.1000	150	2	99.6040	0.5113	0.0933	0.0000	0.2278	0.0576
iris0	adaptive_quantile	0.2000	150	2	99.5050	0.5218	0.1933	0.0000	0.2669	0.0544
iris0	adaptive_quantile	0.3000	150	2	99.4059	0.5113	0.2933	0.0000	0.2931	0.0470
new-thyroid1	MV	0.0000	215	2	54.4253	6.9733				
new-thyroid1	LAWMV	0.0000	215	2	75.7462	6.9668				
new-thyroid1	original	0.1000	215	2	84.3766	6.7879				
new-thyroid1	fixed_alpha	0.0100	215	2	77.2722	6.6780	0.0074	0.0063	0.0100	0.0000
new-thyroid1	fixed_alpha	0.0300	215	2	77.8642	6.8759	0.0167	0.0142	0.0300	0.0000
new-thyroid1	fixed_alpha	0.0500	215	2	80.4695	5.7566	0.0302	0.0195	0.0500	0.0000
new-thyroid1	fixed_alpha	0.1000	215	2	84.3766	6.7879	0.0679	0.0473	0.1000	0.0000
new-thyroid1	fixed_alpha	0.1500	215	2	88.4711	5.6550	0.1144	0.0767	0.1500	0.0000
new-thyroid1	fixed_alpha	0.2000	215	2	88.0325	5.3550	0.1814	0.1409	0.2000	0.0000
new-thyroid1	fixed_alpha	0.3000	215	2	88.0667	7.0799	0.3926	0.2273	0.3000	0.0000
new-thyroid1	adaptive_quantile	0.1000	215	2	88.7649	5.5163	0.0977	0.0000	0.1505	0.0417
new-thyroid1	adaptive_quantile	0.2000	215	2	88.1882	7.0362	0.1953	0.0000	0.2357	0.0606
new-thyroid1	adaptive_quantile	0.3000	215	2	88.5174	6.3524	0.2977	0.0000	0.2865	0.0655
newthyroid2	MV	0.0000	215	2	40.9518	4.3250				
newthyroid2	LAWMV	0.0000	215	2	69.9985	6.2704				
newthyroid2	original	0.1000	215	2	76.6320	9.3917				
newthyroid2	fixed_alpha	0.0100	215	2	72.0757	5.1921	0.0153	0.0108	0.0100	0.0000
newthyroid2	fixed_alpha	0.0300	215	2	74.6436	6.2377	0.0419	0.0220	0.0300	0.0000
newthyroid2	fixed_alpha	0.0500	215	2	75.1603	5.3507	0.0693	0.0350	0.0500	0.0000
newthyroid2	fixed_alpha	0.1000	215	2	76.6320	9.3917	0.1753	0.0735	0.1000	0.0000
newthyroid2	fixed_alpha	0.1500	215	2	77.1018	11.2306	0.2940	0.1096	0.1500	0.0000
newthyroid2	fixed_alpha	0.2000	215	2	76.5970	11.2621	0.4512	0.1500	0.2000	0.0000
newthyroid2	fixed_alpha	0.3000	215	2	76.1874	11.0155	0.8023	0.1645	0.3000	0.0000
newthyroid2	adaptive_quantile	0.1000	215	2	78.3741	7.9668	0.0977	0.0000	0.0745	0.0277
newthyroid2	adaptive_quantile	0.2000	215	2	77.5538	8.6023	0.1953	0.0000	0.1224	0.0466
newthyroid2	adaptive_quantile	0.3000	215	2	76.9599	10.0333	0.2977	0.0000	0.1582	0.0450
page-blocks0	MV	0.0000	5472	2	50.4028	4.4650				
page-blocks0	LAWMV	0.0000	5472	2	10.7447	1.7776				
page-blocks0	original	0.1000	5472	2	39.6005	1.5462				
page-blocks0	fixed_alpha	0.0100	5472	2	12.2850	2.5279	0.0014	0.0012	0.0100	0.0000
page-blocks0	fixed_alpha	0.0300	5472	2	19.9296	3.4018	0.0065	0.0023	0.0300	0.0000
page-blocks0	fixed_alpha	0.0500	5472	2	27.5304	3.3312	0.0128	0.0020	0.0500	0.0000
page-blocks0	fixed_alpha	0.1000	5472	2	39.6005	1.5462	0.0254	0.0017	0.1000	0.0000
page-blocks0	fixed_alpha	0.1500	5472	2	55.4931	2.4758	0.0421	0.0040	0.1500	0.0000
page-blocks0	fixed_alpha	0.2000	5472	2	66.9568	3.5566	0.0597	0.0096	0.2000	0.0000
page-blocks0	fixed_alpha	0.3000	5472	2	76.9989	2.8770	0.1407	0.0673	0.3000	0.0000
page-blocks0	adaptive_quantile	0.1000	5472	2	77.7111	2.6611	0.1000	0.0000	0.2801	0.0343
page-blocks0	adaptive_quantile	0.2000	5472	2	77.2264	3.2183	0.1999	0.0000	0.3459	0.0410
page-blocks0	adaptive_quantile	0.3000	5472	2	77.3566	3.1782	0.2999	0.0000	0.3711	0.0427
pima	MV	0.0000	768	2	66.9726	7.4442				
pima	LAWMV	0.0000	768	2	63.5490	4.3872				
pima	original	0.1000	768	2	71.8716	5.5791				
pima	fixed_alpha	0.0100	768	2	65.2546	4.3150	0.0344	0.0113	0.0100	0.0000
pima	fixed_alpha	0.0300	768	2	68.5443	4.3065	0.1034	0.0343	0.0300	0.0000
pima	fixed_alpha	0.0500	768	2	70.6100	4.7983	0.1723	0.0593	0.0500	0.0000
pima	fixed_alpha	0.1000	768	2	71.8716	5.5791	0.3310	0.1074	0.1000	0.0000
pima	fixed_alpha	0.1500	768	2	72.0093	5.5602	0.4923	0.1422	0.1500	0.0000
pima	fixed_alpha	0.2000	768	2	71.9553	5.4713	0.6318	0.1534	0.2000	0.0000
pima	fixed_alpha	0.3000	768	2	71.9553	5.4713	0.8639	0.1142	0.3000	0.0000
pima	adaptive_quantile	0.1000	768	2	68.9407	5.4261	0.0990	0.0000	0.0321	0.0114
pima	adaptive_quantile	0.2000	768	2	71.3971	5.5465	0.1992	0.0000	0.0644	0.0206
pima	adaptive_quantile	0.3000	768	2	71.8721	5.5890	0.2995	0.0000	0.0973	0.0292
segment0	MV	0.0000	2308	2	42.7705	4.1041				
segment0	LAWMV	0.0000	2308	2	76.2123	4.1036				
segment0	original	0.1000	2308	2	70.8099	9.4605				
segment0	fixed_alpha	0.0100	2308	2	77.7374	4.0924	0.0197	0.0072	0.0100	0.0000
segment0	fixed_alpha	0.0300	2308	2	79.6180	5.0509	0.0579	0.0167	0.0300	0.0000
segment0	fixed_alpha	0.0500	2308	2	79.0573	6.5562	0.0961	0.0301	0.0500	0.0000
segment0	fixed_alpha	0.1000	2308	2	70.8099	9.4605	0.2105	0.0655	0.1000	0.0000
segment0	fixed_alpha	0.1500	2308	2	57.1103	9.8049	0.3559	0.1119	0.1500	0.0000
segment0	fixed_alpha	0.2000	2308	2	44.0911	7.1618	0.5261	0.1411	0.2000	0.0000
segment0	fixed_alpha	0.3000	2308	2	29.9714	0.9069	0.8909	0.0675	0.3000	0.0000
segment0	adaptive_quantile	0.1000	2308	2	79.0965	5.7681	0.0997	0.0000	0.0549	0.0122
segment0	adaptive_quantile	0.2000	2308	2	70.9858	3.8808	0.1997	0.0000	0.1019	0.0223
segment0	adaptive_quantile	0.3000	2308	2	60.5790	2.3387	0.2998	0.0000	0.1379	0.0274
vehicle0	MV	0.0000	846	2	69.0146	8.3412				
vehicle0	LAWMV	0.0000	846	2	74.3022	5.3413				
vehicle0	original	0.1000	846	2	85.1014	6.6365				
vehicle0	fixed_alpha	0.0100	846	2	75.7720	5.0177	0.0176	0.0057	0.0100	0.0000
vehicle0	fixed_alpha	0.0300	846	2	79.3736	4.7771	0.0522	0.0153	0.0300	0.0000
vehicle0	fixed_alpha	0.0500	846	2	81.9607	5.6428	0.0908	0.0243	0.0500	0.0000
vehicle0	fixed_alpha	0.1000	846	2	85.1014	6.6365	0.1848	0.0495	0.1000	0.0000
vehicle0	fixed_alpha	0.1500	846	2	81.9203	8.3420	0.2778	0.0653	0.1500	0.0000
vehicle0	fixed_alpha	0.2000	846	2	75.2607	9.5868	0.3709	0.0940	0.2000	0.0000
vehicle0	fixed_alpha	0.3000	846	2	61.3907	7.4267	0.5858	0.1364	0.3000	0.0000
vehicle0	adaptive_quantile	0.1000	846	2	82.7977	6.3833	0.0993	0.0000	0.0581	0.0143
vehicle0	adaptive_quantile	0.2000	846	2	84.9750	5.7221	0.1998	0.0000	0.1126	0.0284
vehicle0	adaptive_quantile	0.3000	846	2	79.8870	3.6316	0.2991	0.0000	0.1720	0.0440
vehicle1	MV	0.0000	846	2	62.8869	8.7933				
vehicle1	LAWMV	0.0000	846	2	49.2647	5.9988				
vehicle1	original	0.1000	846	2	65.8286	6.7715				
vehicle1	fixed_alpha	0.0100	846	2	52.2536	6.1069	0.0280	0.0118	0.0100	0.0000
vehicle1	fixed_alpha	0.0300	846	2	58.4518	5.3118	0.0853	0.0296	0.0300	0.0000
vehicle1	fixed_alpha	0.0500	846	2	62.1337	5.4545	0.1421	0.0604	0.0500	0.0000
vehicle1	fixed_alpha	0.1000	846	2	65.8286	6.7715	0.2823	0.1290	0.1000	0.0000
vehicle1	fixed_alpha	0.1500	846	2	64.1608	7.8134	0.4352	0.1807	0.1500	0.0000
vehicle1	fixed_alpha	0.2000	846	2	61.8308	6.7066	0.5863	0.2125	0.2000	0.0000
vehicle1	fixed_alpha	0.3000	846	2	60.1441	4.8757	0.8142	0.1755	0.3000	0.0000
vehicle1	adaptive_quantile	0.1000	846	2	60.4068	6.3737	0.0993	0.0000	0.0405	0.0141
vehicle1	adaptive_quantile	0.2000	846	2	65.8525	7.2387	0.1998	0.0000	0.0808	0.0271
vehicle1	adaptive_quantile	0.3000	846	2	66.2623	7.0844	0.2991	0.0000	0.1216	0.0400
vehicle2	MV	0.0000	846	2	61.4378	9.6200				
vehicle2	LAWMV	0.0000	846	2	62.2984	3.9985				
vehicle2	original	0.1000	846	2	69.3077	9.1309				
vehicle2	fixed_alpha	0.0100	846	2	63.7572	4.0988	0.0251	0.0112	0.0100	0.0000
vehicle2	fixed_alpha	0.0300	846	2	67.1481	4.8226	0.0826	0.0389	0.0300	0.0000
vehicle2	fixed_alpha	0.0500	846	2	69.4723	5.2521	0.1463	0.0691	0.0500	0.0000
vehicle2	fixed_alpha	0.1000	846	2	69.3077	9.1309	0.2985	0.1275	0.1000	0.0000
vehicle2	fixed_alpha	0.1500	846	2	65.3780	9.1630	0.4661	0.1777	0.1500	0.0000
vehicle2	fixed_alpha	0.2000	846	2	61.9287	7.7760	0.6102	0.2000	0.2000	0.0000
vehicle2	fixed_alpha	0.3000	846	2	56.6735	3.7612	0.8476	0.1346	0.3000	0.0000
vehicle2	adaptive_quantile	0.1000	846	2	68.5530	6.9012	0.0993	0.0000	0.0428	0.0179
vehicle2	adaptive_quantile	0.2000	846	2	71.0029	6.6284	0.1998	0.0000	0.0776	0.0300
vehicle2	adaptive_quantile	0.3000	846	2	69.8305	6.0255	0.2991	0.0000	0.1109	0.0386
vehicle3	MV	0.0000	846	2	62.3775	6.6383				
vehicle3	LAWMV	0.0000	846	2	52.2703	4.9820				
vehicle3	original	0.1000	846	2	62.0594	6.1499				
vehicle3	fixed_alpha	0.0100	846	2	54.3488	4.0997	0.0249	0.0098	0.0100	0.0000
vehicle3	fixed_alpha	0.0300	846	2	58.0094	4.0281	0.0747	0.0220	0.0300	0.0000
vehicle3	fixed_alpha	0.0500	846	2	60.1363	5.1300	0.1236	0.0274	0.0500	0.0000
vehicle3	fixed_alpha	0.1000	846	2	62.0594	6.1499	0.2519	0.0654	0.1000	0.0000
vehicle3	fixed_alpha	0.1500	846	2	61.4564	5.6225	0.3917	0.1116	0.1500	0.0000
vehicle3	fixed_alpha	0.2000	846	2	60.5426	5.7244	0.5265	0.1475	0.2000	0.0000
vehicle3	fixed_alpha	0.3000	846	2	59.6638	5.1064	0.7946	0.1487	0.3000	0.0000
vehicle3	adaptive_quantile	0.1000	846	2	59.1934	5.4488	0.0993	0.0000	0.0417	0.0102
vehicle3	adaptive_quantile	0.2000	846	2	61.8731	6.4250	0.1998	0.0000	0.0835	0.0159
vehicle3	adaptive_quantile	0.3000	846	2	61.8537	5.6000	0.2991	0.0000	0.1242	0.0222
wisconsin	MV	0.0000	683	2	65.0892	7.4533				
wisconsin	LAWMV	0.0000	683	2	92.5054	4.1098				
wisconsin	original	0.1000	683	2	92.6324	0.9422				
wisconsin	fixed_alpha	0.0100	683	2	92.8560	3.1121	0.0086	0.0128	0.0100	0.0000
wisconsin	fixed_alpha	0.0300	683	2	92.9397	2.0283	0.0258	0.0412	0.0300	0.0000
wisconsin	fixed_alpha	0.0500	683	2	92.9117	1.4369	0.0423	0.0656	0.0500	0.0000
wisconsin	fixed_alpha	0.1000	683	2	92.6324	0.9422	0.0939	0.1463	0.1000	0.0000
wisconsin	fixed_alpha	0.1500	683	2	92.3943	0.7817	0.1751	0.2266	0.1500	0.0000
wisconsin	fixed_alpha	0.2000	683	2	92.3232	0.7643	0.2941	0.2825	0.2000	0.0000
wisconsin	fixed_alpha	0.3000	683	2	92.3232	0.7643	0.6274	0.3047	0.3000	0.0000
wisconsin	adaptive_quantile	0.1000	683	2	91.8738	2.2995	0.0996	0.0000	0.1575	0.0733
wisconsin	adaptive_quantile	0.2000	683	2	92.2044	1.1439	0.1988	0.0009	0.2000	0.0802
wisconsin	adaptive_quantile	0.3000	683	2	92.2498	0.9529	0.2987	0.0000	0.2256	0.0826
yeast1	MV	0.0000	1484	2	60.8883	4.9448				
yeast1	LAWMV	0.0000	1484	2	57.3259	5.2220				
yeast1	original	0.1000	1484	2	68.0392	5.5078				
yeast1	fixed_alpha	0.0100	1484	2	59.8327	4.8649	0.0343	0.0103	0.0100	0.0000
yeast1	fixed_alpha	0.0300	1484	2	63.9202	4.6068	0.1053	0.0240	0.0300	0.0000
yeast1	fixed_alpha	0.0500	1484	2	67.2077	5.1172	0.1791	0.0442	0.0500	0.0000
yeast1	fixed_alpha	0.1000	1484	2	68.0392	5.5078	0.3733	0.0837	0.1000	0.0000
yeast1	fixed_alpha	0.1500	1484	2	64.4096	4.1196	0.5644	0.1174	0.1500	0.0000
yeast1	fixed_alpha	0.2000	1484	2	62.4812	2.8241	0.7394	0.1192	0.2000	0.0000
yeast1	fixed_alpha	0.3000	1484	2	62.2858	2.6870	0.9506	0.0454	0.3000	0.0000
yeast1	adaptive_quantile	0.1000	1484	2	64.0914	5.3136	0.0997	0.0000	0.0301	0.0064
yeast1	adaptive_quantile	0.2000	1484	2	67.8402	5.5092	0.1995	0.0000	0.0576	0.0120
yeast1	adaptive_quantile	0.3000	1484	2	68.4952	5.3024	0.2992	0.0000	0.0836	0.0172
yeast3	MV	0.0000	1484	2	38.8573	10.1572				
yeast3	LAWMV	0.0000	1484	2	43.8147	7.3087				
yeast3	original	0.1000	1484	2	64.7239	17.8877				
yeast3	fixed_alpha	0.0100	1484	2	47.9399	5.5601	0.0158	0.0160	0.0100	0.0000
yeast3	fixed_alpha	0.0300	1484	2	53.9619	6.8815	0.0411	0.0340	0.0300	0.0000
yeast3	fixed_alpha	0.0500	1484	2	58.2273	10.7290	0.0724	0.0599	0.0500	0.0000
yeast3	fixed_alpha	0.1000	1484	2	64.7239	17.8877	0.1586	0.1405	0.1000	0.0000
yeast3	fixed_alpha	0.1500	1484	2	63.6780	22.3670	0.2620	0.2400	0.1500	0.0000
yeast3	fixed_alpha	0.2000	1484	2	58.1251	21.4891	0.3738	0.3113	0.2000	0.0000
yeast3	fixed_alpha	0.3000	1484	2	42.4046	15.9253	0.6396	0.2974	0.3000	0.0000
yeast3	adaptive_quantile	0.1000	1484	2	69.5971	17.0714	0.0997	0.0000	0.1078	0.0587
yeast3	adaptive_quantile	0.2000	1484	2	59.9734	11.7628	0.1995	0.0000	0.1778	0.0909
yeast3	adaptive_quantile	0.3000	1484	2	48.8011	6.2567	0.2992	0.0000	0.2137	0.0990
average	MV	0.0000	0	0	58.2746	10.2611				
average	LAWMV	0.0000	0	0	67.0426	20.6815				
average	original	0.1000	0	0	74.8792	12.9550				
average	fixed_alpha	0.0100	0	0	68.6886	19.7813	0.0174	0.0102	0.0100	0.0000
average	fixed_alpha	0.0300	0	0	71.4222	17.5245	0.0518	0.0304	0.0300	0.0000
average	fixed_alpha	0.0500	0	0	73.3382	15.6920	0.0872	0.0517	0.0500	0.0000
average	fixed_alpha	0.1000	0	0	74.8792	12.9550	0.1816	0.1034	0.1000	0.0000
average	fixed_alpha	0.1500	0	0	73.6889	12.0548	0.2869	0.1506	0.1500	0.0000
average	fixed_alpha	0.2000	0	0	71.3483	13.3895	0.4035	0.1862	0.2000	0.0000
average	fixed_alpha	0.3000	0	0	67.5997	17.3608	0.6650	0.2052	0.3000	0.0000
average	adaptive_quantile	0.1000	0	0	76.4377	11.6484	0.0984	0.0015	0.0920	0.0662
average	adaptive_quantile	0.2000	0	0	75.9494	10.8117	0.1981	0.0020	0.1465	0.0753
average	adaptive_quantile	0.3000	0	0	73.3322	12.9658	0.2975	0.0021	0.1858	0.0756
